,timestamp,signal timestamp,symbol,action,quantity,price,cost
0,2021-08-20 00:00:02,2021-08-20 00:00:01,LINKUSDT.BNC,SELL,25.744,27.095,0.027095
1,2021-08-20 00:00:02,2021-08-20 00:00:01,LINKUSDT.HB,BUY,25.744,27.0938,0.0270938
2,2021-08-20 00:00:15,2021-08-20 00:00:14,LINKUSDT.BNC,SELL,16.0,27.094,0.027094
3,2021-08-20 00:00:15,2021-08-20 00:00:14,LINKUSDT.HB,BUY,16.0,27.0886,0.027088599999999997
4,2021-08-20 00:00:18,2021-08-20 00:00:17,LINKUSDT.BNC,SELL,19.200000000000003,27.113,0.027113
5,2021-08-20 00:00:18,2021-08-20 00:00:17,LINKUSDT.HB,BUY,19.200000000000003,27.1117,0.0271117
6,2021-08-20 00:00:18,2021-08-20 00:00:17,LINKUSDT.BNC,SELL,22.088,27.112,0.027112
7,2021-08-20 00:00:18,2021-08-20 00:00:17,LINKUSDT.HB,BUY,22.088,27.1118,0.027111800000000002
8,2021-08-20 00:00:33,2021-08-20 00:00:32,LINKUSDT.BNC,SELL,5.144919000265573,27.116,0.027115999999999998
9,2021-08-20 00:00:33,2021-08-20 00:00:32,LINKUSDT.HB,BUY,5.144919000265573,27.1112,0.027111200000000002
10,2021-08-20 00:00:39,2021-08-20 00:00:38,LINKUSDT.BNC,SELL,2.9576000000000002,27.108,0.027108
11,2021-08-20 00:00:39,2021-08-20 00:00:38,LINKUSDT.HB,BUY,2.9576000000000002,27.1066,0.027106600000000005
12,2021-08-20 00:00:48,2021-08-20 00:00:47,LINKUSDT.BNC,SELL,5.632000000000001,27.086,0.027086000000000002
13,2021-08-20 00:00:48,2021-08-20 00:00:47,LINKUSDT.HB,BUY,5.632000000000001,27.0839,0.0270839
14,2021-08-20 00:00:54,2021-08-20 00:00:53,LINKUSDT.HB,SELL,2.81,27.0551,0.0270551
15,2021-08-20 00:00:54,2021-08-20 00:00:53,LINKUSDT.BNC,BUY,2.81,27.054,0.027053999999999998
16,2021-08-20 00:01:21,2021-08-20 00:01:20,LINKUSDT.BNC,SELL,0.34400000000000003,27.045,0.027045000000000007
17,2021-08-20 00:01:21,2021-08-20 00:01:20,LINKUSDT.HB,BUY,0.34400000000000003,27.043,0.027043
18,2021-08-20 00:04:03,2021-08-20 00:04:02,LINKUSDT.HB,SELL,0.42,27.061,0.027061
19,2021-08-20 00:04:03,2021-08-20 00:04:02,LINKUSDT.BNC,BUY,0.42,27.06,0.027059999999999997
20,2021-08-20 00:05:30,2021-08-20 00:05:29,LINKUSDT.BNC,SELL,0.35200000000000004,26.91,0.026910000000000003
21,2021-08-20 00:05:30,2021-08-20 00:05:29,LINKUSDT.HB,BUY,0.35200000000000004,26.9084,0.026908400000000002
22,2021-08-20 00:06:22,2021-08-20 00:06:21,LINKUSDT.HB,SELL,0.74,26.8774,0.026877400000000003
23,2021-08-20 00:06:22,2021-08-20 00:06:21,LINKUSDT.BNC,BUY,0.74,26.876,0.026876
24,2021-08-20 00:08:00,2021-08-20 00:07:59,LINKUSDT.HB,SELL,21.56,26.8373,0.0268373
25,2021-08-20 00:08:00,2021-08-20 00:07:59,LINKUSDT.BNC,BUY,21.56,26.835,0.026835000000000005
26,2021-08-20 00:08:03,2021-08-20 00:08:02,LINKUSDT.HB,SELL,0.742,26.8376,0.0268376
27,2021-08-20 00:08:03,2021-08-20 00:08:02,LINKUSDT.BNC,BUY,0.742,26.834,0.026834
28,2021-08-20 00:08:03,2021-08-20 00:08:02,LINKUSDT.HB,SELL,21.56,26.8373,0.0268373
29,2021-08-20 00:08:03,2021-08-20 00:08:02,LINKUSDT.BNC,BUY,21.56,26.835,0.026835000000000005
30,2021-08-20 00:08:12,2021-08-20 00:08:11,LINKUSDT.HB,SELL,0.74,26.8368,0.0268368
31,2021-08-20 00:08:12,2021-08-20 00:08:11,LINKUSDT.BNC,BUY,0.74,26.833,0.026833
32,2021-08-20 00:08:48,2021-08-20 00:08:47,LINKUSDT.HB,SELL,14.5,26.7918,0.0267918
33,2021-08-20 00:08:48,2021-08-20 00:08:47,LINKUSDT.BNC,BUY,14.5,26.79,0.026789999999999998
34,2021-08-20 00:08:49,2021-08-20 00:08:48,LINKUSDT.HB,SELL,2.92,26.792,0.026792000000000003
35,2021-08-20 00:08:49,2021-08-20 00:08:48,LINKUSDT.BNC,BUY,2.92,26.789,0.026789
36,2021-08-20 00:08:49,2021-08-20 00:08:48,LINKUSDT.HB,SELL,14.33,26.7919,0.0267919
37,2021-08-20 00:08:49,2021-08-20 00:08:48,LINKUSDT.BNC,BUY,14.33,26.79,0.026789999999999998
38,2021-08-20 00:08:59,2021-08-20 00:08:58,LINKUSDT.BNC,SELL,11.666400000000001,26.807,0.026807
39,2021-08-20 00:08:59,2021-08-20 00:08:58,LINKUSDT.HB,BUY,11.666400000000001,26.8066,0.0268066
40,2021-08-20 00:09:29,2021-08-20 00:09:28,LINKUSDT.BNC,SELL,0.7120000000000001,26.815,0.026815000000000005
41,2021-08-20 00:09:29,2021-08-20 00:09:28,LINKUSDT.HB,BUY,0.7120000000000001,26.8112,0.026811199999999997
42,2021-08-20 00:10:02,2021-08-20 00:10:01,LINKUSDT.HB,SELL,10.13,26.8432,0.026843200000000005
43,2021-08-20 00:10:02,2021-08-20 00:10:01,LINKUSDT.BNC,BUY,10.13,26.837,0.026837000000000003
44,2021-08-20 00:10:13,2021-08-20 00:10:12,LINKUSDT.HB,SELL,28.75,26.8143,0.0268143
45,2021-08-20 00:10:13,2021-08-20 00:10:12,LINKUSDT.BNC,BUY,28.75,26.804,0.026803999999999998
46,2021-08-20 00:10:13,2021-08-20 00:10:12,LINKUSDT.HB,SELL,63.27,26.8137,0.026813700000000003
47,2021-08-20 00:10:13,2021-08-20 00:10:12,LINKUSDT.BNC,BUY,63.27,26.805,0.026805000000000002
48,2021-08-20 00:10:13,2021-08-20 00:10:12,LINKUSDT.HB,SELL,2.5,26.8132,0.026813200000000002
49,2021-08-20 00:10:13,2021-08-20 00:10:12,LINKUSDT.BNC,BUY,2.5,26.808,0.026808
50,2021-08-20 00:10:14,2021-08-20 00:10:13,LINKUSDT.HB,SELL,2.5,26.8025,0.0268025
51,2021-08-20 00:10:14,2021-08-20 00:10:13,LINKUSDT.BNC,BUY,2.5,26.796,0.026796
52,2021-08-20 00:10:14,2021-08-20 00:10:13,LINKUSDT.HB,SELL,20.0,26.7973,0.026797300000000003
53,2021-08-20 00:10:14,2021-08-20 00:10:13,LINKUSDT.BNC,BUY,20.0,26.797,0.026797000000000005
54,2021-08-20 00:11:18,2021-08-20 00:11:17,LINKUSDT.HB,SELL,20.0,26.9147,0.0269147
55,2021-08-20 00:11:18,2021-08-20 00:11:17,LINKUSDT.BNC,BUY,20.0,26.912,0.026912000000000002
56,2021-08-20 00:11:35,2021-08-20 00:11:34,LINKUSDT.HB,SELL,6.09,26.9107,0.0269107
57,2021-08-20 00:11:35,2021-08-20 00:11:34,LINKUSDT.BNC,BUY,6.09,26.908,0.026908000000000005
58,2021-08-20 00:12:49,2021-08-20 00:12:48,LINKUSDT.HB,SELL,7.94,27.0555,0.027055500000000003
59,2021-08-20 00:12:49,2021-08-20 00:12:48,LINKUSDT.BNC,BUY,7.94,27.055,0.027055000000000003
60,2021-08-20 00:13:08,2021-08-20 00:13:07,LINKUSDT.HB,SELL,0.73,27.0124,0.027012400000000002
61,2021-08-20 00:13:08,2021-08-20 00:13:07,LINKUSDT.BNC,BUY,0.73,27.012,0.027012
62,2021-08-20 00:13:11,2021-08-20 00:13:10,LINKUSDT.HB,SELL,25.0,27.0261,0.027026099999999997
63,2021-08-20 00:13:11,2021-08-20 00:13:10,LINKUSDT.BNC,BUY,25.0,27.022,0.027021999999999997
64,2021-08-20 00:13:16,2021-08-20 00:13:15,LINKUSDT.HB,SELL,1.571,27.0315,0.0270315
65,2021-08-20 00:13:16,2021-08-20 00:13:15,LINKUSDT.BNC,BUY,1.571,27.03,0.027030000000000002
66,2021-08-20 00:13:31,2021-08-20 00:13:30,LINKUSDT.BNC,SELL,4.2136000000000005,27.0,0.027
67,2021-08-20 00:13:31,2021-08-20 00:13:30,LINKUSDT.HB,BUY,4.2136000000000005,26.9975,0.026997499999999997
68,2021-08-20 00:15:21,2021-08-20 00:15:20,LINKUSDT.HB,SELL,2.5,27.0023,0.027002300000000003
69,2021-08-20 00:15:21,2021-08-20 00:15:20,LINKUSDT.BNC,BUY,2.5,27.0,0.027
70,2021-08-20 00:16:11,2021-08-20 00:16:10,LINKUSDT.HB,SELL,36.77,27.0582,0.0270582
71,2021-08-20 00:16:11,2021-08-20 00:16:10,LINKUSDT.BNC,BUY,36.77,27.056,0.027056
72,2021-08-20 00:16:29,2021-08-20 00:16:28,LINKUSDT.HB,SELL,12.1,27.0647,0.0270647
73,2021-08-20 00:16:29,2021-08-20 00:16:28,LINKUSDT.BNC,BUY,12.1,27.06,0.027059999999999997
74,2021-08-20 00:16:45,2021-08-20 00:16:44,LINKUSDT.HB,SELL,1.395,27.0737,0.0270737
75,2021-08-20 00:16:45,2021-08-20 00:16:44,LINKUSDT.BNC,BUY,1.395,27.073,0.027073000000000003
76,2021-08-20 00:16:47,2021-08-20 00:16:46,LINKUSDT.HB,SELL,1.3,27.0629,0.027062900000000004
77,2021-08-20 00:16:47,2021-08-20 00:16:46,LINKUSDT.BNC,BUY,1.3,27.062,0.027062000000000003
78,2021-08-20 00:19:40,2021-08-20 00:19:39,LINKUSDT.BNC,SELL,0.256,26.995,0.026995
79,2021-08-20 00:19:40,2021-08-20 00:19:39,LINKUSDT.HB,BUY,0.256,26.9913,0.026991300000000003
80,2021-08-20 00:19:41,2021-08-20 00:19:40,LINKUSDT.BNC,SELL,0.256,26.993,0.026993000000000003
81,2021-08-20 00:19:41,2021-08-20 00:19:40,LINKUSDT.HB,BUY,0.256,26.9913,0.026991300000000003
82,2021-08-20 00:19:42,2021-08-20 00:19:41,LINKUSDT.BNC,SELL,0.256,26.992,0.026992000000000002
83,2021-08-20 00:19:42,2021-08-20 00:19:41,LINKUSDT.HB,BUY,0.256,26.9913,0.026991300000000003
84,2021-08-20 00:23:33,2021-08-20 00:23:32,LINKUSDT.BNC,SELL,8.0,27.132,0.027132
85,2021-08-20 00:23:33,2021-08-20 00:23:32,LINKUSDT.HB,BUY,8.0,27.1289,0.0271289
86,2021-08-20 00:23:39,2021-08-20 00:23:38,LINKUSDT.BNC,SELL,6.24,27.191,0.027190999999999996
87,2021-08-20 00:23:39,2021-08-20 00:23:38,LINKUSDT.HB,BUY,6.24,27.1894,0.027189400000000002
88,2021-08-20 00:24:37,2021-08-20 00:24:36,LINKUSDT.HB,SELL,1.43,27.1421,0.0271421
89,2021-08-20 00:24:37,2021-08-20 00:24:36,LINKUSDT.BNC,BUY,1.43,27.142,0.027142000000000003
90,2021-08-20 00:25:48,2021-08-20 00:25:47,LINKUSDT.HB,SELL,10.0,27.2293,0.0272293
91,2021-08-20 00:25:48,2021-08-20 00:25:47,LINKUSDT.BNC,BUY,10.0,27.227,0.027227
92,2021-08-20 00:26:10,2021-08-20 00:26:09,LINKUSDT.HB,SELL,1.45,27.2324,0.027232399999999997
93,2021-08-20 00:26:10,2021-08-20 00:26:09,LINKUSDT.BNC,BUY,1.45,27.231,0.027231
94,2021-08-20 00:26:14,2021-08-20 00:26:13,LINKUSDT.HB,SELL,2.75,27.2347,0.0272347
95,2021-08-20 00:26:14,2021-08-20 00:26:13,LINKUSDT.BNC,BUY,2.75,27.232,0.027232
96,2021-08-20 00:26:39,2021-08-20 00:26:38,LINKUSDT.HB,SELL,10.0,27.2402,0.027240200000000006
97,2021-08-20 00:26:39,2021-08-20 00:26:38,LINKUSDT.BNC,BUY,10.0,27.24,0.02724
98,2021-08-20 00:26:41,2021-08-20 00:26:40,LINKUSDT.HB,SELL,5.49,27.2361,0.0272361
99,2021-08-20 00:26:41,2021-08-20 00:26:40,LINKUSDT.BNC,BUY,5.49,27.236,0.027236000000000003
100,2021-08-20 00:27:05,2021-08-20 00:27:04,LINKUSDT.BNC,SELL,7.563200000000001,27.263,0.027263000000000003
101,2021-08-20 00:27:05,2021-08-20 00:27:04,LINKUSDT.HB,BUY,7.563200000000001,27.2613,0.027261300000000002
102,2021-08-20 00:27:30,2021-08-20 00:27:29,LINKUSDT.BNC,SELL,1.304,27.265,0.027264999999999998
103,2021-08-20 00:27:30,2021-08-20 00:27:29,LINKUSDT.HB,BUY,1.304,27.2643,0.027264299999999998
104,2021-08-20 00:27:37,2021-08-20 00:27:36,LINKUSDT.BNC,SELL,2.7936,27.27,0.02727
105,2021-08-20 00:27:37,2021-08-20 00:27:36,LINKUSDT.HB,BUY,2.7936,27.2647,0.0272647
106,2021-08-20 00:27:37,2021-08-20 00:27:36,LINKUSDT.BNC,SELL,49.752,27.266,0.027266
107,2021-08-20 00:27:37,2021-08-20 00:27:36,LINKUSDT.HB,BUY,49.752,27.265,0.027264999999999998
108,2021-08-20 00:27:43,2021-08-20 00:27:42,LINKUSDT.BNC,SELL,12.784,27.258,0.027258
109,2021-08-20 00:27:43,2021-08-20 00:27:42,LINKUSDT.HB,BUY,12.784,27.2533,0.0272533
110,2021-08-20 00:28:20,2021-08-20 00:28:19,LINKUSDT.BNC,SELL,1.2240000000000002,27.292,0.027292000000000004
111,2021-08-20 00:28:20,2021-08-20 00:28:19,LINKUSDT.HB,BUY,1.2240000000000002,27.2882,0.027288200000000002
112,2021-08-20 00:28:20,2021-08-20 00:28:19,LINKUSDT.BNC,SELL,0.544,27.291,0.027291000000000003
113,2021-08-20 00:28:20,2021-08-20 00:28:19,LINKUSDT.HB,BUY,0.544,27.29,0.02729
114,2021-08-20 00:28:21,2021-08-20 00:28:20,LINKUSDT.BNC,SELL,0.024800000000000003,27.292,0.027292000000000004
115,2021-08-20 00:28:21,2021-08-20 00:28:20,LINKUSDT.HB,BUY,0.024800000000000003,27.29,0.02729
116,2021-08-20 00:29:06,2021-08-20 00:29:05,LINKUSDT.BNC,SELL,0.7120000000000001,27.283,0.027283000000000005
117,2021-08-20 00:29:06,2021-08-20 00:29:05,LINKUSDT.HB,BUY,0.7120000000000001,27.278,0.027278
118,2021-08-20 00:30:49,2021-08-20 00:30:48,LINKUSDT.HB,SELL,0.231,27.3324,0.027332400000000003
119,2021-08-20 00:30:49,2021-08-20 00:30:48,LINKUSDT.BNC,BUY,0.231,27.332,0.027332000000000002
120,2021-08-20 00:30:56,2021-08-20 00:30:55,LINKUSDT.HB,SELL,1.341,27.369,0.027369
121,2021-08-20 00:30:56,2021-08-20 00:30:55,LINKUSDT.BNC,BUY,1.341,27.366,0.027365999999999998
122,2021-08-20 00:32:23,2021-08-20 00:32:22,LINKUSDT.HB,SELL,9.99,27.3326,0.027332600000000002
123,2021-08-20 00:32:23,2021-08-20 00:32:22,LINKUSDT.BNC,BUY,9.99,27.33,0.027329999999999997
124,2021-08-20 00:32:26,2021-08-20 00:32:25,LINKUSDT.HB,SELL,10.0,27.3545,0.027354500000000004
125,2021-08-20 00:32:26,2021-08-20 00:32:25,LINKUSDT.BNC,BUY,10.0,27.353,0.027353000000000006
126,2021-08-20 00:33:16,2021-08-20 00:33:15,LINKUSDT.HB,SELL,21.49,27.3176,0.0273176
127,2021-08-20 00:33:16,2021-08-20 00:33:15,LINKUSDT.BNC,BUY,21.49,27.312,0.027312000000000003
128,2021-08-20 00:33:41,2021-08-20 00:33:40,LINKUSDT.BNC,SELL,0.8992000000000001,27.301,0.027301
129,2021-08-20 00:33:41,2021-08-20 00:33:40,LINKUSDT.HB,BUY,0.8992000000000001,27.298,0.027297999999999996
130,2021-08-20 00:34:34,2021-08-20 00:34:33,LINKUSDT.BNC,SELL,0.9944000000000002,27.282,0.027282
131,2021-08-20 00:34:34,2021-08-20 00:34:33,LINKUSDT.HB,BUY,0.9944000000000002,27.28,0.027280000000000002
132,2021-08-20 00:34:50,2021-08-20 00:34:49,LINKUSDT.BNC,SELL,18.568,27.253,0.027253
133,2021-08-20 00:34:50,2021-08-20 00:34:49,LINKUSDT.HB,BUY,18.568,27.25,0.02725
134,2021-08-20 00:34:53,2021-08-20 00:34:52,LINKUSDT.BNC,SELL,1.3224,27.252,0.027252
135,2021-08-20 00:34:53,2021-08-20 00:34:52,LINKUSDT.HB,BUY,1.3224,27.25,0.02725
136,2021-08-20 00:36:05,2021-08-20 00:36:04,LINKUSDT.HB,SELL,20.1,27.2294,0.0272294
137,2021-08-20 00:36:05,2021-08-20 00:36:04,LINKUSDT.BNC,BUY,20.1,27.229,0.027228999999999996
138,2021-08-20 00:37:37,2021-08-20 00:37:36,LINKUSDT.HB,SELL,1.28,27.2779,0.0272779
139,2021-08-20 00:37:37,2021-08-20 00:37:36,LINKUSDT.BNC,BUY,1.28,27.277,0.027277
140,2021-08-20 00:38:35,2021-08-20 00:38:34,LINKUSDT.BNC,SELL,1.32,27.305,0.027305000000000003
141,2021-08-20 00:38:35,2021-08-20 00:38:34,LINKUSDT.HB,BUY,1.32,27.3023,0.027302299999999998
142,2021-08-20 00:38:37,2021-08-20 00:38:36,LINKUSDT.BNC,SELL,4.168,27.314,0.027314
143,2021-08-20 00:38:37,2021-08-20 00:38:36,LINKUSDT.HB,BUY,4.168,27.3023,0.027302299999999998
144,2021-08-20 00:39:19,2021-08-20 00:39:18,LINKUSDT.BNC,SELL,21.28,27.295,0.027295000000000007
145,2021-08-20 00:39:19,2021-08-20 00:39:18,LINKUSDT.HB,BUY,21.28,27.292,0.027292000000000004
146,2021-08-20 00:40:31,2021-08-20 00:40:30,LINKUSDT.HB,SELL,9.99,27.3568,0.0273568
147,2021-08-20 00:40:31,2021-08-20 00:40:30,LINKUSDT.BNC,BUY,9.99,27.354,0.027353999999999996
148,2021-08-20 00:40:31,2021-08-20 00:40:30,LINKUSDT.HB,SELL,3.89,27.3567,0.0273567
149,2021-08-20 00:40:31,2021-08-20 00:40:30,LINKUSDT.BNC,BUY,3.89,27.356,0.027356000000000002
150,2021-08-20 00:40:35,2021-08-20 00:40:34,LINKUSDT.HB,SELL,5.0,27.3537,0.027353699999999998
151,2021-08-20 00:40:35,2021-08-20 00:40:34,LINKUSDT.BNC,BUY,5.0,27.353,0.027353000000000006
152,2021-08-20 00:40:38,2021-08-20 00:40:37,LINKUSDT.HB,SELL,22.0,27.3529,0.0273529
153,2021-08-20 00:40:38,2021-08-20 00:40:37,LINKUSDT.BNC,BUY,22.0,27.352,0.027351999999999998
154,2021-08-20 00:40:41,2021-08-20 00:40:40,LINKUSDT.HB,SELL,166.794,27.35,0.027350000000000003
155,2021-08-20 00:40:41,2021-08-20 00:40:40,LINKUSDT.BNC,BUY,166.794,27.346,0.027346
156,2021-08-20 00:40:48,2021-08-20 00:40:47,LINKUSDT.HB,SELL,0.01,27.3671,0.027367100000000002
157,2021-08-20 00:40:48,2021-08-20 00:40:47,LINKUSDT.BNC,BUY,0.01,27.358,0.027358
158,2021-08-20 00:40:48,2021-08-20 00:40:47,LINKUSDT.HB,SELL,10.0,27.367,0.027367000000000002
159,2021-08-20 00:40:48,2021-08-20 00:40:47,LINKUSDT.BNC,BUY,10.0,27.36,0.027360000000000002
160,2021-08-20 00:40:53,2021-08-20 00:40:52,LINKUSDT.HB,SELL,13.6,27.3728,0.027372800000000003
161,2021-08-20 00:40:53,2021-08-20 00:40:52,LINKUSDT.BNC,BUY,13.6,27.363,0.027363000000000002
162,2021-08-20 00:40:55,2021-08-20 00:40:54,LINKUSDT.HB,SELL,93.059,27.3755,0.0273755
163,2021-08-20 00:40:55,2021-08-20 00:40:54,LINKUSDT.BNC,BUY,93.059,27.375,0.027375
164,2021-08-20 00:40:58,2021-08-20 00:40:57,LINKUSDT.HB,SELL,6.85,27.3668,0.027366800000000004
165,2021-08-20 00:40:58,2021-08-20 00:40:57,LINKUSDT.BNC,BUY,6.85,27.362,0.027362
166,2021-08-20 00:40:58,2021-08-20 00:40:57,LINKUSDT.HB,SELL,53.37,27.3663,0.027366300000000003
167,2021-08-20 00:40:58,2021-08-20 00:40:57,LINKUSDT.BNC,BUY,53.37,27.364,0.027364
168,2021-08-20 00:40:59,2021-08-20 00:40:58,LINKUSDT.HB,SELL,1.646,27.3668,0.027366800000000004
169,2021-08-20 00:40:59,2021-08-20 00:40:58,LINKUSDT.BNC,BUY,1.646,27.361,0.027361000000000003
170,2021-08-20 00:40:59,2021-08-20 00:40:58,LINKUSDT.HB,SELL,10.396,27.3663,0.027366300000000003
171,2021-08-20 00:40:59,2021-08-20 00:40:58,LINKUSDT.BNC,BUY,10.396,27.362,0.027362
172,2021-08-20 00:41:01,2021-08-20 00:41:00,LINKUSDT.HB,SELL,6.743,27.3663,0.027366300000000003
173,2021-08-20 00:41:01,2021-08-20 00:41:00,LINKUSDT.BNC,BUY,6.743,27.362,0.027362
174,2021-08-20 00:41:12,2021-08-20 00:41:11,LINKUSDT.HB,SELL,9.14,27.3614,0.027361399999999998
175,2021-08-20 00:41:12,2021-08-20 00:41:11,LINKUSDT.BNC,BUY,9.14,27.361,0.027361000000000003
176,2021-08-20 00:41:25,2021-08-20 00:41:24,LINKUSDT.HB,SELL,1.057,27.3633,0.0273633
177,2021-08-20 00:41:25,2021-08-20 00:41:24,LINKUSDT.BNC,BUY,1.057,27.36,0.027360000000000002
178,2021-08-20 00:41:26,2021-08-20 00:41:25,LINKUSDT.HB,SELL,7.3,27.3633,0.0273633
179,2021-08-20 00:41:26,2021-08-20 00:41:25,LINKUSDT.BNC,BUY,7.3,27.359,0.027359000000000005
180,2021-08-20 00:41:29,2021-08-20 00:41:28,LINKUSDT.HB,SELL,0.551,27.3554,0.0273554
181,2021-08-20 00:41:29,2021-08-20 00:41:28,LINKUSDT.BNC,BUY,0.551,27.354,0.027353999999999996
182,2021-08-20 00:41:42,2021-08-20 00:41:41,LINKUSDT.HB,SELL,1.478,27.3455,0.027345500000000005
183,2021-08-20 00:41:42,2021-08-20 00:41:41,LINKUSDT.BNC,BUY,1.478,27.338,0.027338
184,2021-08-20 00:41:44,2021-08-20 00:41:43,LINKUSDT.HB,SELL,10.0,27.3599,0.0273599
185,2021-08-20 00:41:44,2021-08-20 00:41:43,LINKUSDT.BNC,BUY,10.0,27.358,0.027358
186,2021-08-20 00:41:58,2021-08-20 00:41:57,LINKUSDT.HB,SELL,0.93,27.365,0.027365
187,2021-08-20 00:41:58,2021-08-20 00:41:57,LINKUSDT.BNC,BUY,0.93,27.363,0.027363000000000002
188,2021-08-20 00:42:19,2021-08-20 00:42:18,LINKUSDT.BNC,SELL,83.15280000000001,27.408,0.027408000000000005
189,2021-08-20 00:42:19,2021-08-20 00:42:18,LINKUSDT.HB,BUY,83.15280000000001,27.4,0.0274
190,2021-08-20 00:42:19,2021-08-20 00:42:18,LINKUSDT.BNC,SELL,1.3152,27.407,0.027407
191,2021-08-20 00:42:19,2021-08-20 00:42:18,LINKUSDT.HB,BUY,1.3152,27.4002,0.027400200000000003
192,2021-08-20 00:42:19,2021-08-20 00:42:18,LINKUSDT.BNC,SELL,1.016,27.406,0.027406000000000003
193,2021-08-20 00:42:19,2021-08-20 00:42:18,LINKUSDT.HB,BUY,1.016,27.4004,0.027400400000000002
194,2021-08-20 00:42:19,2021-08-20 00:42:18,LINKUSDT.BNC,SELL,0.472,27.404,0.027404000000000005
195,2021-08-20 00:42:19,2021-08-20 00:42:18,LINKUSDT.HB,BUY,0.472,27.4011,0.027401099999999998
196,2021-08-20 00:42:20,2021-08-20 00:42:19,LINKUSDT.BNC,SELL,1.968,27.409,0.027409
197,2021-08-20 00:42:20,2021-08-20 00:42:19,LINKUSDT.HB,BUY,1.968,27.4,0.0274
198,2021-08-20 00:42:20,2021-08-20 00:42:19,LINKUSDT.BNC,SELL,4.912,27.408,0.027408000000000005
199,2021-08-20 00:42:20,2021-08-20 00:42:19,LINKUSDT.HB,BUY,4.912,27.4002,0.027400200000000003
200,2021-08-20 00:42:20,2021-08-20 00:42:19,LINKUSDT.BNC,SELL,1.016,27.406,0.027406000000000003
201,2021-08-20 00:42:20,2021-08-20 00:42:19,LINKUSDT.HB,BUY,1.016,27.4004,0.027400400000000002
202,2021-08-20 00:42:25,2021-08-20 00:42:24,LINKUSDT.BNC,SELL,87.5872,27.407,0.027407
203,2021-08-20 00:42:25,2021-08-20 00:42:24,LINKUSDT.HB,BUY,87.5872,27.4,0.0274
204,2021-08-20 00:42:25,2021-08-20 00:42:24,LINKUSDT.BNC,SELL,0.876,27.404,0.027404000000000005
205,2021-08-20 00:42:25,2021-08-20 00:42:24,LINKUSDT.HB,BUY,0.876,27.4002,0.027400200000000003
206,2021-08-20 00:42:25,2021-08-20 00:42:24,LINKUSDT.BNC,SELL,1.016,27.403,0.027403
207,2021-08-20 00:42:25,2021-08-20 00:42:24,LINKUSDT.HB,BUY,1.016,27.4004,0.027400400000000002
208,2021-08-20 00:42:25,2021-08-20 00:42:24,LINKUSDT.BNC,SELL,0.472,27.402,0.027402
209,2021-08-20 00:42:25,2021-08-20 00:42:24,LINKUSDT.HB,BUY,0.472,27.4011,0.027401099999999998
210,2021-08-20 00:42:26,2021-08-20 00:42:25,LINKUSDT.BNC,SELL,1.3152,27.408,0.027408000000000005
211,2021-08-20 00:42:26,2021-08-20 00:42:25,LINKUSDT.HB,BUY,1.3152,27.4,0.0274
212,2021-08-20 00:42:26,2021-08-20 00:42:25,LINKUSDT.BNC,SELL,4.912,27.407,0.027407
213,2021-08-20 00:42:26,2021-08-20 00:42:25,LINKUSDT.HB,BUY,4.912,27.4002,0.027400200000000003
214,2021-08-20 00:42:26,2021-08-20 00:42:25,LINKUSDT.BNC,SELL,1.016,27.405,0.027405000000000002
215,2021-08-20 00:42:26,2021-08-20 00:42:25,LINKUSDT.HB,BUY,1.016,27.4004,0.027400400000000002
216,2021-08-20 00:42:26,2021-08-20 00:42:25,LINKUSDT.BNC,SELL,0.472,27.404,0.027404000000000005
217,2021-08-20 00:42:26,2021-08-20 00:42:25,LINKUSDT.HB,BUY,0.472,27.4011,0.027401099999999998
218,2021-08-20 00:42:26,2021-08-20 00:42:25,LINKUSDT.BNC,SELL,0.584,27.403,0.027403
219,2021-08-20 00:42:26,2021-08-20 00:42:25,LINKUSDT.HB,BUY,0.584,27.4012,0.0274012
220,2021-08-20 00:42:26,2021-08-20 00:42:25,LINKUSDT.BNC,SELL,0.6080000000000001,27.402,0.027402
221,2021-08-20 00:42:26,2021-08-20 00:42:25,LINKUSDT.HB,BUY,0.6080000000000001,27.4014,0.027401400000000003
222,2021-08-20 00:42:27,2021-08-20 00:42:26,LINKUSDT.BNC,SELL,76.0,27.41,0.027410000000000004
223,2021-08-20 00:42:27,2021-08-20 00:42:26,LINKUSDT.HB,BUY,76.0,27.4,0.0274
224,2021-08-20 00:42:27,2021-08-20 00:42:26,LINKUSDT.BNC,SELL,1.3152,27.409,0.027409
225,2021-08-20 00:42:27,2021-08-20 00:42:26,LINKUSDT.HB,BUY,1.3152,27.4002,0.027400200000000003
226,2021-08-20 00:42:27,2021-08-20 00:42:26,LINKUSDT.BNC,SELL,1.016,27.408,0.027408000000000005
227,2021-08-20 00:42:27,2021-08-20 00:42:26,LINKUSDT.HB,BUY,1.016,27.4004,0.027400400000000002
228,2021-08-20 00:42:27,2021-08-20 00:42:26,LINKUSDT.BNC,SELL,0.472,27.407,0.027407
229,2021-08-20 00:42:27,2021-08-20 00:42:26,LINKUSDT.HB,BUY,0.472,27.4011,0.027401099999999998
230,2021-08-20 00:42:27,2021-08-20 00:42:26,LINKUSDT.BNC,SELL,0.584,27.404,0.027404000000000005
231,2021-08-20 00:42:27,2021-08-20 00:42:26,LINKUSDT.HB,BUY,0.584,27.4012,0.0274012
232,2021-08-20 00:42:27,2021-08-20 00:42:26,LINKUSDT.BNC,SELL,0.6080000000000001,27.403,0.027403
233,2021-08-20 00:42:27,2021-08-20 00:42:26,LINKUSDT.HB,BUY,0.6080000000000001,27.4014,0.027401400000000003
234,2021-08-20 00:42:28,2021-08-20 00:42:27,LINKUSDT.BNC,SELL,3.7464,27.413,0.027413
235,2021-08-20 00:42:28,2021-08-20 00:42:27,LINKUSDT.HB,BUY,3.7464,27.4,0.0274
236,2021-08-20 00:42:28,2021-08-20 00:42:27,LINKUSDT.BNC,SELL,1.3144,27.411,0.027411
237,2021-08-20 00:42:28,2021-08-20 00:42:27,LINKUSDT.HB,BUY,1.3144,27.4002,0.027400200000000003
238,2021-08-20 00:42:28,2021-08-20 00:42:27,LINKUSDT.BNC,SELL,1.016,27.41,0.027410000000000004
239,2021-08-20 00:42:28,2021-08-20 00:42:27,LINKUSDT.HB,BUY,1.016,27.4004,0.027400400000000002
240,2021-08-20 00:42:28,2021-08-20 00:42:27,LINKUSDT.BNC,SELL,0.472,27.409,0.027409
241,2021-08-20 00:42:28,2021-08-20 00:42:27,LINKUSDT.HB,BUY,0.472,27.4011,0.027401099999999998
242,2021-08-20 00:42:28,2021-08-20 00:42:27,LINKUSDT.BNC,SELL,0.584,27.408,0.027408000000000005
243,2021-08-20 00:42:28,2021-08-20 00:42:27,LINKUSDT.HB,BUY,0.584,27.4012,0.0274012
244,2021-08-20 00:42:28,2021-08-20 00:42:27,LINKUSDT.BNC,SELL,0.6080000000000001,27.407,0.027407
245,2021-08-20 00:42:28,2021-08-20 00:42:27,LINKUSDT.HB,BUY,0.6080000000000001,27.4014,0.027401400000000003
246,2021-08-20 00:42:28,2021-08-20 00:42:27,LINKUSDT.BNC,SELL,0.592,27.404,0.027404000000000005
247,2021-08-20 00:42:28,2021-08-20 00:42:27,LINKUSDT.HB,BUY,0.592,27.4024,0.0274024
248,2021-08-20 00:42:29,2021-08-20 00:42:28,LINKUSDT.BNC,SELL,87.48,27.411,0.027411
249,2021-08-20 00:42:29,2021-08-20 00:42:28,LINKUSDT.HB,BUY,87.48,27.4,0.0274
250,2021-08-20 00:42:29,2021-08-20 00:42:28,LINKUSDT.BNC,SELL,4.912,27.41,0.027410000000000004
251,2021-08-20 00:42:29,2021-08-20 00:42:28,LINKUSDT.HB,BUY,4.912,27.4002,0.027400200000000003
252,2021-08-20 00:42:29,2021-08-20 00:42:28,LINKUSDT.BNC,SELL,1.016,27.409,0.027409
253,2021-08-20 00:42:29,2021-08-20 00:42:28,LINKUSDT.HB,BUY,1.016,27.4004,0.027400400000000002
254,2021-08-20 00:42:29,2021-08-20 00:42:28,LINKUSDT.BNC,SELL,0.472,27.408,0.027408000000000005
255,2021-08-20 00:42:29,2021-08-20 00:42:28,LINKUSDT.HB,BUY,0.472,27.4011,0.027401099999999998
256,2021-08-20 00:42:29,2021-08-20 00:42:28,LINKUSDT.BNC,SELL,0.584,27.407,0.027407
257,2021-08-20 00:42:29,2021-08-20 00:42:28,LINKUSDT.HB,BUY,0.584,27.4012,0.0274012
258,2021-08-20 00:42:29,2021-08-20 00:42:28,LINKUSDT.BNC,SELL,0.6080000000000001,27.404,0.027404000000000005
259,2021-08-20 00:42:29,2021-08-20 00:42:28,LINKUSDT.HB,BUY,0.6080000000000001,27.4014,0.027401400000000003
260,2021-08-20 00:42:29,2021-08-20 00:42:28,LINKUSDT.BNC,SELL,0.592,27.403,0.027403
261,2021-08-20 00:42:29,2021-08-20 00:42:28,LINKUSDT.HB,BUY,0.592,27.4024,0.0274024
262,2021-08-20 00:42:30,2021-08-20 00:42:29,LINKUSDT.BNC,SELL,28.072000000000003,27.4,0.0274
263,2021-08-20 00:42:30,2021-08-20 00:42:29,LINKUSDT.HB,BUY,28.072000000000003,27.399,0.027399000000000003
264,2021-08-20 00:42:31,2021-08-20 00:42:30,LINKUSDT.BNC,SELL,131.924,27.406,0.027406000000000003
265,2021-08-20 00:42:31,2021-08-20 00:42:30,LINKUSDT.HB,BUY,131.924,27.4,0.0274
266,2021-08-20 00:42:31,2021-08-20 00:42:30,LINKUSDT.BNC,SELL,4.912,27.404,0.027404000000000005
267,2021-08-20 00:42:31,2021-08-20 00:42:30,LINKUSDT.HB,BUY,4.912,27.4002,0.027400200000000003
268,2021-08-20 00:42:31,2021-08-20 00:42:30,LINKUSDT.BNC,SELL,1.016,27.403,0.027403
269,2021-08-20 00:42:31,2021-08-20 00:42:30,LINKUSDT.HB,BUY,1.016,27.4004,0.027400400000000002
270,2021-08-20 00:42:31,2021-08-20 00:42:30,LINKUSDT.BNC,SELL,0.472,27.402,0.027402
271,2021-08-20 00:42:31,2021-08-20 00:42:30,LINKUSDT.HB,BUY,0.472,27.4011,0.027401099999999998
272,2021-08-20 00:42:32,2021-08-20 00:42:31,LINKUSDT.BNC,SELL,11.740000000000002,27.409,0.027409
273,2021-08-20 00:42:32,2021-08-20 00:42:31,LINKUSDT.HB,BUY,11.740000000000002,27.4,0.0274
274,2021-08-20 00:42:32,2021-08-20 00:42:31,LINKUSDT.BNC,SELL,4.912,27.408,0.027408000000000005
275,2021-08-20 00:42:32,2021-08-20 00:42:31,LINKUSDT.HB,BUY,4.912,27.4002,0.027400200000000003
276,2021-08-20 00:42:32,2021-08-20 00:42:31,LINKUSDT.BNC,SELL,1.016,27.407,0.027407
277,2021-08-20 00:42:32,2021-08-20 00:42:31,LINKUSDT.HB,BUY,1.016,27.4004,0.027400400000000002
278,2021-08-20 00:42:32,2021-08-20 00:42:31,LINKUSDT.BNC,SELL,0.472,27.405,0.027405000000000002
279,2021-08-20 00:42:32,2021-08-20 00:42:31,LINKUSDT.HB,BUY,0.472,27.4011,0.027401099999999998
280,2021-08-20 00:42:32,2021-08-20 00:42:31,LINKUSDT.BNC,SELL,0.584,27.403,0.027403
281,2021-08-20 00:42:32,2021-08-20 00:42:31,LINKUSDT.HB,BUY,0.584,27.4012,0.0274012
282,2021-08-20 00:42:32,2021-08-20 00:42:31,LINKUSDT.BNC,SELL,0.6080000000000001,27.402,0.027402
283,2021-08-20 00:42:32,2021-08-20 00:42:31,LINKUSDT.HB,BUY,0.6080000000000001,27.4014,0.027401400000000003
284,2021-08-20 00:42:33,2021-08-20 00:42:32,LINKUSDT.BNC,SELL,46.468,27.407,0.027407
285,2021-08-20 00:42:33,2021-08-20 00:42:32,LINKUSDT.HB,BUY,46.468,27.4,0.0274
286,2021-08-20 00:42:33,2021-08-20 00:42:32,LINKUSDT.BNC,SELL,1.2960000000000003,27.404,0.027404000000000005
287,2021-08-20 00:42:33,2021-08-20 00:42:32,LINKUSDT.HB,BUY,1.2960000000000003,27.4002,0.027400200000000003
288,2021-08-20 00:42:33,2021-08-20 00:42:32,LINKUSDT.BNC,SELL,1.016,27.403,0.027403
289,2021-08-20 00:42:33,2021-08-20 00:42:32,LINKUSDT.HB,BUY,1.016,27.4004,0.027400400000000002
290,2021-08-20 00:42:33,2021-08-20 00:42:32,LINKUSDT.BNC,SELL,0.472,27.402,0.027402
291,2021-08-20 00:42:33,2021-08-20 00:42:32,LINKUSDT.HB,BUY,0.472,27.4011,0.027401099999999998
292,2021-08-20 00:42:34,2021-08-20 00:42:33,LINKUSDT.BNC,SELL,92.0,27.412,0.027412000000000002
293,2021-08-20 00:42:34,2021-08-20 00:42:33,LINKUSDT.HB,BUY,92.0,27.4,0.0274
294,2021-08-20 00:42:34,2021-08-20 00:42:33,LINKUSDT.BNC,SELL,1.3152,27.411,0.027411
295,2021-08-20 00:42:34,2021-08-20 00:42:33,LINKUSDT.HB,BUY,1.3152,27.4002,0.027400200000000003
296,2021-08-20 00:42:34,2021-08-20 00:42:33,LINKUSDT.BNC,SELL,1.016,27.41,0.027410000000000004
297,2021-08-20 00:42:34,2021-08-20 00:42:33,LINKUSDT.HB,BUY,1.016,27.4004,0.027400400000000002
298,2021-08-20 00:42:34,2021-08-20 00:42:33,LINKUSDT.BNC,SELL,0.472,27.407,0.027407
299,2021-08-20 00:42:34,2021-08-20 00:42:33,LINKUSDT.HB,BUY,0.472,27.4011,0.027401099999999998
300,2021-08-20 00:42:34,2021-08-20 00:42:33,LINKUSDT.BNC,SELL,0.584,27.404,0.027404000000000005
301,2021-08-20 00:42:34,2021-08-20 00:42:33,LINKUSDT.HB,BUY,0.584,27.4012,0.0274012
302,2021-08-20 00:42:34,2021-08-20 00:42:33,LINKUSDT.BNC,SELL,0.6080000000000001,27.403,0.027403
303,2021-08-20 00:42:34,2021-08-20 00:42:33,LINKUSDT.HB,BUY,0.6080000000000001,27.4014,0.027401400000000003
304,2021-08-20 00:42:35,2021-08-20 00:42:34,LINKUSDT.BNC,SELL,33.184,27.41,0.027410000000000004
305,2021-08-20 00:42:35,2021-08-20 00:42:34,LINKUSDT.HB,BUY,33.184,27.4,0.0274
306,2021-08-20 00:42:35,2021-08-20 00:42:34,LINKUSDT.BNC,SELL,4.912,27.408,0.027408000000000005
307,2021-08-20 00:42:35,2021-08-20 00:42:34,LINKUSDT.HB,BUY,4.912,27.4002,0.027400200000000003
308,2021-08-20 00:42:35,2021-08-20 00:42:34,LINKUSDT.BNC,SELL,1.016,27.407,0.027407
309,2021-08-20 00:42:35,2021-08-20 00:42:34,LINKUSDT.HB,BUY,1.016,27.4004,0.027400400000000002
310,2021-08-20 00:42:35,2021-08-20 00:42:34,LINKUSDT.BNC,SELL,0.472,27.405,0.027405000000000002
311,2021-08-20 00:42:35,2021-08-20 00:42:34,LINKUSDT.HB,BUY,0.472,27.4011,0.027401099999999998
312,2021-08-20 00:42:35,2021-08-20 00:42:34,LINKUSDT.BNC,SELL,0.584,27.404,0.027404000000000005
313,2021-08-20 00:42:35,2021-08-20 00:42:34,LINKUSDT.HB,BUY,0.584,27.4012,0.0274012
314,2021-08-20 00:42:35,2021-08-20 00:42:34,LINKUSDT.BNC,SELL,0.6080000000000001,27.403,0.027403
315,2021-08-20 00:42:35,2021-08-20 00:42:34,LINKUSDT.HB,BUY,0.6080000000000001,27.4014,0.027401400000000003
316,2021-08-20 00:42:36,2021-08-20 00:42:35,LINKUSDT.BNC,SELL,16.0,27.412,0.027412000000000002
317,2021-08-20 00:42:36,2021-08-20 00:42:35,LINKUSDT.HB,BUY,16.0,27.4,0.0274
318,2021-08-20 00:42:36,2021-08-20 00:42:35,LINKUSDT.BNC,SELL,4.912,27.411,0.027411
319,2021-08-20 00:42:36,2021-08-20 00:42:35,LINKUSDT.HB,BUY,4.912,27.4002,0.027400200000000003
320,2021-08-20 00:42:36,2021-08-20 00:42:35,LINKUSDT.BNC,SELL,1.016,27.41,0.027410000000000004
321,2021-08-20 00:42:36,2021-08-20 00:42:35,LINKUSDT.HB,BUY,1.016,27.4004,0.027400400000000002
322,2021-08-20 00:42:36,2021-08-20 00:42:35,LINKUSDT.BNC,SELL,0.472,27.409,0.027409
323,2021-08-20 00:42:36,2021-08-20 00:42:35,LINKUSDT.HB,BUY,0.472,27.4011,0.027401099999999998
324,2021-08-20 00:42:36,2021-08-20 00:42:35,LINKUSDT.BNC,SELL,0.584,27.408,0.027408000000000005
325,2021-08-20 00:42:36,2021-08-20 00:42:35,LINKUSDT.HB,BUY,0.584,27.4012,0.0274012
326,2021-08-20 00:42:36,2021-08-20 00:42:35,LINKUSDT.BNC,SELL,0.6080000000000001,27.407,0.027407
327,2021-08-20 00:42:36,2021-08-20 00:42:35,LINKUSDT.HB,BUY,0.6080000000000001,27.4014,0.027401400000000003
328,2021-08-20 00:42:36,2021-08-20 00:42:35,LINKUSDT.BNC,SELL,0.592,27.406,0.027406000000000003
329,2021-08-20 00:42:36,2021-08-20 00:42:35,LINKUSDT.HB,BUY,0.592,27.4024,0.0274024
330,2021-08-20 00:42:37,2021-08-20 00:42:36,LINKUSDT.BNC,SELL,12.440000000000001,27.413,0.027413
331,2021-08-20 00:42:37,2021-08-20 00:42:36,LINKUSDT.HB,BUY,12.440000000000001,27.4,0.0274
332,2021-08-20 00:42:37,2021-08-20 00:42:36,LINKUSDT.BNC,SELL,4.912,27.412,0.027412000000000002
333,2021-08-20 00:42:37,2021-08-20 00:42:36,LINKUSDT.HB,BUY,4.912,27.4002,0.027400200000000003
334,2021-08-20 00:42:37,2021-08-20 00:42:36,LINKUSDT.BNC,SELL,1.016,27.41,0.027410000000000004
335,2021-08-20 00:42:37,2021-08-20 00:42:36,LINKUSDT.HB,BUY,1.016,27.4004,0.027400400000000002
336,2021-08-20 00:42:37,2021-08-20 00:42:36,LINKUSDT.BNC,SELL,0.472,27.408,0.027408000000000005
337,2021-08-20 00:42:37,2021-08-20 00:42:36,LINKUSDT.HB,BUY,0.472,27.4011,0.027401099999999998
338,2021-08-20 00:42:37,2021-08-20 00:42:36,LINKUSDT.BNC,SELL,0.584,27.407,0.027407
339,2021-08-20 00:42:37,2021-08-20 00:42:36,LINKUSDT.HB,BUY,0.584,27.4012,0.0274012
340,2021-08-20 00:42:37,2021-08-20 00:42:36,LINKUSDT.BNC,SELL,0.6080000000000001,27.406,0.027406000000000003
341,2021-08-20 00:42:37,2021-08-20 00:42:36,LINKUSDT.HB,BUY,0.6080000000000001,27.4014,0.027401400000000003
342,2021-08-20 00:42:37,2021-08-20 00:42:36,LINKUSDT.BNC,SELL,0.592,27.403,0.027403
343,2021-08-20 00:42:37,2021-08-20 00:42:36,LINKUSDT.HB,BUY,0.592,27.4024,0.0274024
344,2021-08-20 00:42:38,2021-08-20 00:42:37,LINKUSDT.BNC,SELL,82.5032,27.403,0.027403
345,2021-08-20 00:42:38,2021-08-20 00:42:37,LINKUSDT.HB,BUY,82.5032,27.3999,0.027399899999999998
346,2021-08-20 00:42:38,2021-08-20 00:42:37,LINKUSDT.BNC,SELL,33.6152,27.402,0.027402
347,2021-08-20 00:42:38,2021-08-20 00:42:37,LINKUSDT.HB,BUY,33.6152,27.4,0.0274
348,2021-08-20 00:42:39,2021-08-20 00:42:38,LINKUSDT.BNC,SELL,20.6432,27.414,0.027414
349,2021-08-20 00:42:39,2021-08-20 00:42:38,LINKUSDT.HB,BUY,20.6432,27.4,0.0274
350,2021-08-20 00:42:39,2021-08-20 00:42:38,LINKUSDT.BNC,SELL,4.912,27.413,0.027413
351,2021-08-20 00:42:39,2021-08-20 00:42:38,LINKUSDT.HB,BUY,4.912,27.4002,0.027400200000000003
352,2021-08-20 00:42:39,2021-08-20 00:42:38,LINKUSDT.BNC,SELL,1.016,27.411,0.027411
353,2021-08-20 00:42:39,2021-08-20 00:42:38,LINKUSDT.HB,BUY,1.016,27.4004,0.027400400000000002
354,2021-08-20 00:42:39,2021-08-20 00:42:38,LINKUSDT.BNC,SELL,0.472,27.409,0.027409
355,2021-08-20 00:42:39,2021-08-20 00:42:38,LINKUSDT.HB,BUY,0.472,27.4011,0.027401099999999998
356,2021-08-20 00:42:39,2021-08-20 00:42:38,LINKUSDT.BNC,SELL,0.584,27.407,0.027407
357,2021-08-20 00:42:39,2021-08-20 00:42:38,LINKUSDT.HB,BUY,0.584,27.4012,0.0274012
358,2021-08-20 00:42:39,2021-08-20 00:42:38,LINKUSDT.BNC,SELL,0.6080000000000001,27.406,0.027406000000000003
359,2021-08-20 00:42:39,2021-08-20 00:42:38,LINKUSDT.HB,BUY,0.6080000000000001,27.4014,0.027401400000000003
360,2021-08-20 00:42:39,2021-08-20 00:42:38,LINKUSDT.BNC,SELL,0.592,27.405,0.027405000000000002
361,2021-08-20 00:42:39,2021-08-20 00:42:38,LINKUSDT.HB,BUY,0.592,27.4024,0.0274024
362,2021-08-20 00:42:39,2021-08-20 00:42:38,LINKUSDT.BNC,SELL,0.20800000000000002,27.404,0.027404000000000005
363,2021-08-20 00:42:39,2021-08-20 00:42:38,LINKUSDT.HB,BUY,0.20800000000000002,27.403,0.027403
364,2021-08-20 00:42:40,2021-08-20 00:42:39,LINKUSDT.BNC,SELL,32.0,27.422,0.027422000000000005
365,2021-08-20 00:42:40,2021-08-20 00:42:39,LINKUSDT.HB,BUY,32.0,27.4,0.0274
366,2021-08-20 00:42:40,2021-08-20 00:42:39,LINKUSDT.BNC,SELL,0.9480000000000001,27.419,0.027419000000000002
367,2021-08-20 00:42:40,2021-08-20 00:42:39,LINKUSDT.HB,BUY,0.9480000000000001,27.4002,0.027400200000000003
368,2021-08-20 00:42:40,2021-08-20 00:42:39,LINKUSDT.BNC,SELL,1.016,27.417,0.027417000000000004
369,2021-08-20 00:42:40,2021-08-20 00:42:39,LINKUSDT.HB,BUY,1.016,27.4004,0.027400400000000002
370,2021-08-20 00:42:40,2021-08-20 00:42:39,LINKUSDT.BNC,SELL,0.0064,27.416,0.027416000000000003
371,2021-08-20 00:42:40,2021-08-20 00:42:39,LINKUSDT.HB,BUY,0.0064,27.4011,0.027401099999999998
372,2021-08-20 00:42:40,2021-08-20 00:42:39,LINKUSDT.BNC,SELL,0.584,27.414,0.027414
373,2021-08-20 00:42:40,2021-08-20 00:42:39,LINKUSDT.HB,BUY,0.584,27.4012,0.0274012
374,2021-08-20 00:42:40,2021-08-20 00:42:39,LINKUSDT.BNC,SELL,0.6080000000000001,27.413,0.027413
375,2021-08-20 00:42:40,2021-08-20 00:42:39,LINKUSDT.HB,BUY,0.6080000000000001,27.4014,0.027401400000000003
376,2021-08-20 00:42:40,2021-08-20 00:42:39,LINKUSDT.BNC,SELL,0.592,27.412,0.027412000000000002
377,2021-08-20 00:42:40,2021-08-20 00:42:39,LINKUSDT.HB,BUY,0.592,27.4024,0.0274024
378,2021-08-20 00:42:40,2021-08-20 00:42:39,LINKUSDT.BNC,SELL,0.20800000000000002,27.411,0.027411
379,2021-08-20 00:42:40,2021-08-20 00:42:39,LINKUSDT.HB,BUY,0.20800000000000002,27.403,0.027403
380,2021-08-20 00:42:40,2021-08-20 00:42:39,LINKUSDT.BNC,SELL,0.584,27.409,0.027409
381,2021-08-20 00:42:40,2021-08-20 00:42:39,LINKUSDT.HB,BUY,0.584,27.4038,0.027403800000000002
382,2021-08-20 00:42:40,2021-08-20 00:42:39,LINKUSDT.BNC,SELL,0.192,27.406,0.027406000000000003
383,2021-08-20 00:42:40,2021-08-20 00:42:39,LINKUSDT.HB,BUY,0.192,27.4047,0.027404699999999997
384,2021-08-20 00:42:41,2021-08-20 00:42:40,LINKUSDT.BNC,SELL,1.1096000000000001,27.419,0.027419000000000002
385,2021-08-20 00:42:41,2021-08-20 00:42:40,LINKUSDT.HB,BUY,1.1096000000000001,27.4,0.0274
386,2021-08-20 00:42:41,2021-08-20 00:42:40,LINKUSDT.BNC,SELL,4.912,27.414,0.027414
387,2021-08-20 00:42:41,2021-08-20 00:42:40,LINKUSDT.HB,BUY,4.912,27.4002,0.027400200000000003
388,2021-08-20 00:42:41,2021-08-20 00:42:40,LINKUSDT.BNC,SELL,0.0344,27.413,0.027413
389,2021-08-20 00:42:41,2021-08-20 00:42:40,LINKUSDT.HB,BUY,0.0344,27.4004,0.027400400000000002
390,2021-08-20 00:42:41,2021-08-20 00:42:40,LINKUSDT.BNC,SELL,0.472,27.412,0.027412000000000002
391,2021-08-20 00:42:41,2021-08-20 00:42:40,LINKUSDT.HB,BUY,0.472,27.4011,0.027401099999999998
392,2021-08-20 00:42:41,2021-08-20 00:42:40,LINKUSDT.BNC,SELL,0.584,27.411,0.027411
393,2021-08-20 00:42:41,2021-08-20 00:42:40,LINKUSDT.HB,BUY,0.584,27.4012,0.0274012
394,2021-08-20 00:42:41,2021-08-20 00:42:40,LINKUSDT.BNC,SELL,0.6080000000000001,27.409,0.027409
395,2021-08-20 00:42:41,2021-08-20 00:42:40,LINKUSDT.HB,BUY,0.6080000000000001,27.4014,0.027401400000000003
396,2021-08-20 00:42:41,2021-08-20 00:42:40,LINKUSDT.BNC,SELL,0.592,27.406,0.027406000000000003
397,2021-08-20 00:42:41,2021-08-20 00:42:40,LINKUSDT.HB,BUY,0.592,27.4024,0.0274024
398,2021-08-20 00:42:41,2021-08-20 00:42:40,LINKUSDT.BNC,SELL,0.20800000000000002,27.405,0.027405000000000002
399,2021-08-20 00:42:41,2021-08-20 00:42:40,LINKUSDT.HB,BUY,0.20800000000000002,27.403,0.027403
400,2021-08-20 00:42:41,2021-08-20 00:42:40,LINKUSDT.BNC,SELL,0.584,27.404,0.027404000000000005
401,2021-08-20 00:42:41,2021-08-20 00:42:40,LINKUSDT.HB,BUY,0.584,27.4038,0.027403800000000002
402,2021-08-20 00:42:42,2021-08-20 00:42:41,LINKUSDT.BNC,SELL,21.6,27.413,0.027413
403,2021-08-20 00:42:42,2021-08-20 00:42:41,LINKUSDT.HB,BUY,21.6,27.4,0.0274
404,2021-08-20 00:42:42,2021-08-20 00:42:41,LINKUSDT.BNC,SELL,4.912,27.412,0.027412000000000002
405,2021-08-20 00:42:42,2021-08-20 00:42:41,LINKUSDT.HB,BUY,4.912,27.4002,0.027400200000000003
406,2021-08-20 00:42:42,2021-08-20 00:42:41,LINKUSDT.BNC,SELL,1.016,27.408,0.027408000000000005
407,2021-08-20 00:42:42,2021-08-20 00:42:41,LINKUSDT.HB,BUY,1.016,27.4004,0.027400400000000002
408,2021-08-20 00:42:42,2021-08-20 00:42:41,LINKUSDT.BNC,SELL,0.472,27.407,0.027407
409,2021-08-20 00:42:42,2021-08-20 00:42:41,LINKUSDT.HB,BUY,0.472,27.4011,0.027401099999999998
410,2021-08-20 00:42:42,2021-08-20 00:42:41,LINKUSDT.BNC,SELL,0.584,27.404,0.027404000000000005
411,2021-08-20 00:42:42,2021-08-20 00:42:41,LINKUSDT.HB,BUY,0.584,27.4012,0.0274012
412,2021-08-20 00:42:42,2021-08-20 00:42:41,LINKUSDT.BNC,SELL,0.6080000000000001,27.403,0.027403
413,2021-08-20 00:42:42,2021-08-20 00:42:41,LINKUSDT.HB,BUY,0.6080000000000001,27.4014,0.027401400000000003
414,2021-08-20 00:42:43,2021-08-20 00:42:42,LINKUSDT.BNC,SELL,164.7872,27.412,0.027412000000000002
415,2021-08-20 00:42:43,2021-08-20 00:42:42,LINKUSDT.HB,BUY,164.7872,27.4,0.0274
416,2021-08-20 00:42:43,2021-08-20 00:42:42,LINKUSDT.BNC,SELL,4.912,27.409,0.027409
417,2021-08-20 00:42:43,2021-08-20 00:42:42,LINKUSDT.HB,BUY,4.912,27.4002,0.027400200000000003
418,2021-08-20 00:42:43,2021-08-20 00:42:42,LINKUSDT.BNC,SELL,1.016,27.408,0.027408000000000005
419,2021-08-20 00:42:43,2021-08-20 00:42:42,LINKUSDT.HB,BUY,1.016,27.4004,0.027400400000000002
420,2021-08-20 00:42:43,2021-08-20 00:42:42,LINKUSDT.BNC,SELL,0.472,27.407,0.027407
421,2021-08-20 00:42:43,2021-08-20 00:42:42,LINKUSDT.HB,BUY,0.472,27.4011,0.027401099999999998
422,2021-08-20 00:42:43,2021-08-20 00:42:42,LINKUSDT.BNC,SELL,0.584,27.404,0.027404000000000005
423,2021-08-20 00:42:43,2021-08-20 00:42:42,LINKUSDT.HB,BUY,0.584,27.4012,0.0274012
424,2021-08-20 00:42:43,2021-08-20 00:42:42,LINKUSDT.BNC,SELL,0.6080000000000001,27.403,0.027403
425,2021-08-20 00:42:43,2021-08-20 00:42:42,LINKUSDT.HB,BUY,0.6080000000000001,27.4014,0.027401400000000003
426,2021-08-20 00:42:44,2021-08-20 00:42:43,LINKUSDT.BNC,SELL,28.852,27.408,0.027408000000000005
427,2021-08-20 00:42:44,2021-08-20 00:42:43,LINKUSDT.HB,BUY,28.852,27.4,0.0274
428,2021-08-20 00:42:44,2021-08-20 00:42:43,LINKUSDT.BNC,SELL,4.912,27.406,0.027406000000000003
429,2021-08-20 00:42:44,2021-08-20 00:42:43,LINKUSDT.HB,BUY,4.912,27.4002,0.027400200000000003
430,2021-08-20 00:42:44,2021-08-20 00:42:43,LINKUSDT.BNC,SELL,0.8240000000000001,27.402,0.027402
431,2021-08-20 00:42:44,2021-08-20 00:42:43,LINKUSDT.HB,BUY,0.8240000000000001,27.4004,0.027400400000000002
432,2021-08-20 00:42:45,2021-08-20 00:42:44,LINKUSDT.BNC,SELL,1.468,27.41,0.027410000000000004
433,2021-08-20 00:42:45,2021-08-20 00:42:44,LINKUSDT.HB,BUY,1.468,27.4,0.0274
434,2021-08-20 00:42:45,2021-08-20 00:42:44,LINKUSDT.BNC,SELL,4.912,27.408,0.027408000000000005
435,2021-08-20 00:42:45,2021-08-20 00:42:44,LINKUSDT.HB,BUY,4.912,27.4002,0.027400200000000003
436,2021-08-20 00:42:45,2021-08-20 00:42:44,LINKUSDT.BNC,SELL,0.8240000000000001,27.407,0.027407
437,2021-08-20 00:42:45,2021-08-20 00:42:44,LINKUSDT.HB,BUY,0.8240000000000001,27.4004,0.027400400000000002
438,2021-08-20 00:42:45,2021-08-20 00:42:44,LINKUSDT.BNC,SELL,0.472,27.406,0.027406000000000003
439,2021-08-20 00:42:45,2021-08-20 00:42:44,LINKUSDT.HB,BUY,0.472,27.4011,0.027401099999999998
440,2021-08-20 00:42:45,2021-08-20 00:42:44,LINKUSDT.BNC,SELL,0.584,27.405,0.027405000000000002
441,2021-08-20 00:42:45,2021-08-20 00:42:44,LINKUSDT.HB,BUY,0.584,27.4012,0.0274012
442,2021-08-20 00:42:45,2021-08-20 00:42:44,LINKUSDT.BNC,SELL,0.6080000000000001,27.404,0.027404000000000005
443,2021-08-20 00:42:45,2021-08-20 00:42:44,LINKUSDT.HB,BUY,0.6080000000000001,27.4014,0.027401400000000003
444,2021-08-20 00:42:45,2021-08-20 00:42:44,LINKUSDT.BNC,SELL,0.592,27.403,0.027403
445,2021-08-20 00:42:45,2021-08-20 00:42:44,LINKUSDT.HB,BUY,0.592,27.4024,0.0274024
446,2021-08-20 00:42:48,2021-08-20 00:42:47,LINKUSDT.BNC,SELL,1.4672,27.412,0.027412000000000002
447,2021-08-20 00:42:48,2021-08-20 00:42:47,LINKUSDT.HB,BUY,1.4672,27.4,0.0274
448,2021-08-20 00:42:48,2021-08-20 00:42:47,LINKUSDT.BNC,SELL,4.912,27.41,0.027410000000000004
449,2021-08-20 00:42:48,2021-08-20 00:42:47,LINKUSDT.HB,BUY,4.912,27.4002,0.027400200000000003
450,2021-08-20 00:42:48,2021-08-20 00:42:47,LINKUSDT.BNC,SELL,0.8240000000000001,27.409,0.027409
451,2021-08-20 00:42:48,2021-08-20 00:42:47,LINKUSDT.HB,BUY,0.8240000000000001,27.4004,0.027400400000000002
452,2021-08-20 00:42:48,2021-08-20 00:42:47,LINKUSDT.BNC,SELL,0.472,27.407,0.027407
453,2021-08-20 00:42:48,2021-08-20 00:42:47,LINKUSDT.HB,BUY,0.472,27.4011,0.027401099999999998
454,2021-08-20 00:42:48,2021-08-20 00:42:47,LINKUSDT.BNC,SELL,0.584,27.406,0.027406000000000003
455,2021-08-20 00:42:48,2021-08-20 00:42:47,LINKUSDT.HB,BUY,0.584,27.4012,0.0274012
456,2021-08-20 00:42:48,2021-08-20 00:42:47,LINKUSDT.BNC,SELL,0.6080000000000001,27.405,0.027405000000000002
457,2021-08-20 00:42:48,2021-08-20 00:42:47,LINKUSDT.HB,BUY,0.6080000000000001,27.4014,0.027401400000000003
458,2021-08-20 00:42:48,2021-08-20 00:42:47,LINKUSDT.BNC,SELL,0.592,27.404,0.027404000000000005
459,2021-08-20 00:42:48,2021-08-20 00:42:47,LINKUSDT.HB,BUY,0.592,27.4024,0.0274024
460,2021-08-20 00:42:49,2021-08-20 00:42:48,LINKUSDT.BNC,SELL,104.072,27.393,0.027393
461,2021-08-20 00:42:49,2021-08-20 00:42:48,LINKUSDT.HB,BUY,104.072,27.3927,0.027392700000000002
462,2021-08-20 00:42:50,2021-08-20 00:42:49,LINKUSDT.BNC,SELL,23.145843966033823,27.369,0.027369
463,2021-08-20 00:42:50,2021-08-20 00:42:49,LINKUSDT.HB,BUY,23.145843966033823,27.3684,0.027368400000000005
464,2021-08-20 00:42:58,2021-08-20 00:42:57,LINKUSDT.BNC,SELL,33.0264,27.407,0.027407
465,2021-08-20 00:42:58,2021-08-20 00:42:57,LINKUSDT.HB,BUY,33.0264,27.4,0.0274
466,2021-08-20 00:42:58,2021-08-20 00:42:57,LINKUSDT.BNC,SELL,0.8432000000000001,27.403,0.027403
467,2021-08-20 00:42:58,2021-08-20 00:42:57,LINKUSDT.HB,BUY,0.8432000000000001,27.4002,0.027400200000000003
468,2021-08-20 00:43:01,2021-08-20 00:43:00,LINKUSDT.BNC,SELL,33.0264,27.4,0.0274
469,2021-08-20 00:43:01,2021-08-20 00:43:00,LINKUSDT.HB,BUY,33.0264,27.3992,0.027399200000000002
470,2021-08-20 00:43:03,2021-08-20 00:43:02,LINKUSDT.BNC,SELL,0.5677261123946552,27.402,0.027402
471,2021-08-20 00:43:03,2021-08-20 00:43:02,LINKUSDT.HB,BUY,0.5677261123946552,27.3981,0.0273981
472,2021-08-20 00:43:03,2021-08-20 00:43:02,LINKUSDT.BNC,SELL,1.4480000000000002,27.4,0.0274
473,2021-08-20 00:43:03,2021-08-20 00:43:02,LINKUSDT.HB,BUY,1.4480000000000002,27.3997,0.027399700000000003
474,2021-08-20 00:43:06,2021-08-20 00:43:05,LINKUSDT.BNC,SELL,0.16000000000000003,27.403,0.027403
475,2021-08-20 00:43:06,2021-08-20 00:43:05,LINKUSDT.HB,BUY,0.16000000000000003,27.398,0.027398000000000002
476,2021-08-20 00:43:10,2021-08-20 00:43:09,LINKUSDT.BNC,SELL,1.4688,27.396,0.027396000000000004
477,2021-08-20 00:43:10,2021-08-20 00:43:09,LINKUSDT.HB,BUY,1.4688,27.3952,0.0273952
478,2021-08-20 00:43:15,2021-08-20 00:43:14,LINKUSDT.BNC,SELL,16.0,27.393,0.027393
479,2021-08-20 00:43:15,2021-08-20 00:43:14,LINKUSDT.HB,BUY,16.0,27.3906,0.0273906
480,2021-08-20 00:43:39,2021-08-20 00:43:38,LINKUSDT.BNC,SELL,21.468000000000004,27.402,0.027402
481,2021-08-20 00:43:39,2021-08-20 00:43:38,LINKUSDT.HB,BUY,21.468000000000004,27.4,0.0274
482,2021-08-20 00:43:39,2021-08-20 00:43:38,LINKUSDT.BNC,SELL,4.912,27.401,0.027401000000000002
483,2021-08-20 00:43:39,2021-08-20 00:43:38,LINKUSDT.HB,BUY,4.912,27.4002,0.027400200000000003
484,2021-08-20 00:43:41,2021-08-20 00:43:40,LINKUSDT.BNC,SELL,0.005600000000000001,27.414,0.027414
485,2021-08-20 00:43:41,2021-08-20 00:43:40,LINKUSDT.HB,BUY,0.005600000000000001,27.4,0.0274
486,2021-08-20 00:43:41,2021-08-20 00:43:40,LINKUSDT.BNC,SELL,4.912,27.408,0.027408000000000005
487,2021-08-20 00:43:41,2021-08-20 00:43:40,LINKUSDT.HB,BUY,4.912,27.4002,0.027400200000000003
488,2021-08-20 00:43:41,2021-08-20 00:43:40,LINKUSDT.BNC,SELL,0.584,27.405,0.027405000000000002
489,2021-08-20 00:43:41,2021-08-20 00:43:40,LINKUSDT.HB,BUY,0.584,27.4038,0.027403800000000002
490,2021-08-20 00:43:42,2021-08-20 00:43:41,LINKUSDT.BNC,SELL,16.0,27.413,0.027413
491,2021-08-20 00:43:42,2021-08-20 00:43:41,LINKUSDT.HB,BUY,16.0,27.4,0.0274
492,2021-08-20 00:43:42,2021-08-20 00:43:41,LINKUSDT.BNC,SELL,1.468,27.409,0.027409
493,2021-08-20 00:43:42,2021-08-20 00:43:41,LINKUSDT.HB,BUY,1.468,27.4002,0.027400200000000003
494,2021-08-20 00:43:42,2021-08-20 00:43:41,LINKUSDT.BNC,SELL,0.584,27.408,0.027408000000000005
495,2021-08-20 00:43:42,2021-08-20 00:43:41,LINKUSDT.HB,BUY,0.584,27.4038,0.027403800000000002
496,2021-08-20 00:43:43,2021-08-20 00:43:42,LINKUSDT.BNC,SELL,26.5616,27.406,0.027406000000000003
497,2021-08-20 00:43:43,2021-08-20 00:43:42,LINKUSDT.HB,BUY,26.5616,27.4,0.0274
498,2021-08-20 00:43:43,2021-08-20 00:43:42,LINKUSDT.BNC,SELL,0.876,27.405,0.027405000000000002
499,2021-08-20 00:43:43,2021-08-20 00:43:42,LINKUSDT.HB,BUY,0.876,27.4002,0.027400200000000003
500,2021-08-20 00:43:51,2021-08-20 00:43:50,LINKUSDT.BNC,SELL,3.376,27.392,0.027392000000000003
501,2021-08-20 00:43:51,2021-08-20 00:43:50,LINKUSDT.HB,BUY,3.376,27.3906,0.0273906
502,2021-08-20 00:44:05,2021-08-20 00:44:04,LINKUSDT.BNC,SELL,0.20800000000000002,27.377,0.027377
503,2021-08-20 00:44:05,2021-08-20 00:44:04,LINKUSDT.HB,BUY,0.20800000000000002,27.3756,0.0273756
504,2021-08-20 00:44:12,2021-08-20 00:44:11,LINKUSDT.BNC,SELL,7.342919323864115,27.339,0.027339
505,2021-08-20 00:44:12,2021-08-20 00:44:11,LINKUSDT.HB,BUY,7.342919323864115,27.3377,0.027337700000000003
506,2021-08-20 00:44:17,2021-08-20 00:44:16,LINKUSDT.BNC,SELL,1.0288000000000002,27.338,0.027338
507,2021-08-20 00:44:17,2021-08-20 00:44:16,LINKUSDT.HB,BUY,1.0288000000000002,27.3371,0.0273371
508,2021-08-20 00:44:21,2021-08-20 00:44:20,LINKUSDT.BNC,SELL,5.58235090364753,27.326,0.027326
509,2021-08-20 00:44:21,2021-08-20 00:44:20,LINKUSDT.HB,BUY,5.58235090364753,27.3226,0.027322600000000002
510,2021-08-20 00:44:47,2021-08-20 00:44:46,LINKUSDT.BNC,SELL,2.0,27.343,0.027343000000000003
511,2021-08-20 00:44:47,2021-08-20 00:44:46,LINKUSDT.HB,BUY,2.0,27.3381,0.027338100000000004
512,2021-08-20 00:44:51,2021-08-20 00:44:50,LINKUSDT.BNC,SELL,0.0021011046659500003,27.343,0.027343000000000003
513,2021-08-20 00:44:51,2021-08-20 00:44:50,LINKUSDT.HB,BUY,0.0021011046659500003,27.3381,0.027338100000000004
514,2021-08-20 00:47:04,2021-08-20 00:47:03,LINKUSDT.BNC,SELL,0.44000000000000006,27.291,0.027291000000000003
515,2021-08-20 00:47:04,2021-08-20 00:47:03,LINKUSDT.HB,BUY,0.44000000000000006,27.2863,0.027286300000000003
516,2021-08-20 00:47:50,2021-08-20 00:47:49,LINKUSDT.HB,SELL,0.73,27.3109,0.0273109
517,2021-08-20 00:47:50,2021-08-20 00:47:49,LINKUSDT.BNC,BUY,0.73,27.309,0.027309000000000003
518,2021-08-20 00:49:10,2021-08-20 00:49:09,LINKUSDT.HB,SELL,20.0,27.323,0.027323000000000004
519,2021-08-20 00:49:10,2021-08-20 00:49:09,LINKUSDT.BNC,BUY,20.0,27.322,0.027322
520,2021-08-20 00:49:18,2021-08-20 00:49:17,LINKUSDT.HB,SELL,5.0,27.3276,0.027327600000000004
521,2021-08-20 00:49:18,2021-08-20 00:49:17,LINKUSDT.BNC,BUY,5.0,27.326,0.027326
522,2021-08-20 00:49:27,2021-08-20 00:49:26,LINKUSDT.HB,SELL,1.0,27.3249,0.027324900000000003
523,2021-08-20 00:49:27,2021-08-20 00:49:26,LINKUSDT.BNC,BUY,1.0,27.324,0.027324
524,2021-08-20 00:50:07,2021-08-20 00:50:06,LINKUSDT.HB,SELL,20.0,27.3053,0.0273053
525,2021-08-20 00:50:07,2021-08-20 00:50:06,LINKUSDT.BNC,BUY,20.0,27.305,0.027305000000000003
526,2021-08-20 00:50:35,2021-08-20 00:50:34,LINKUSDT.BNC,SELL,0.48,27.265,0.027264999999999998
527,2021-08-20 00:50:35,2021-08-20 00:50:34,LINKUSDT.HB,BUY,0.48,27.2647,0.0272647
528,2021-08-20 00:54:05,2021-08-20 00:54:04,LINKUSDT.BNC,SELL,17.248,27.149,0.027149000000000003
529,2021-08-20 00:54:05,2021-08-20 00:54:04,LINKUSDT.HB,BUY,17.248,27.1488,0.0271488
530,2021-08-20 00:54:14,2021-08-20 00:54:13,LINKUSDT.BNC,SELL,0.020000000000000004,27.128,0.027128
531,2021-08-20 00:54:14,2021-08-20 00:54:13,LINKUSDT.HB,BUY,0.020000000000000004,27.1252,0.027125200000000002
532,2021-08-20 00:55:23,2021-08-20 00:55:22,LINKUSDT.HB,SELL,0.708,27.1505,0.0271505
533,2021-08-20 00:55:23,2021-08-20 00:55:22,LINKUSDT.BNC,BUY,0.708,27.15,0.02715
534,2021-08-20 01:03:17,2021-08-20 01:03:16,LINKUSDT.BNC,SELL,7.5840000000000005,27.133,0.027133
535,2021-08-20 01:03:17,2021-08-20 01:03:16,LINKUSDT.HB,BUY,7.5840000000000005,27.1318,0.0271318
536,2021-08-20 01:04:45,2021-08-20 01:04:44,LINKUSDT.BNC,SELL,0.5912000000000001,27.088,0.027088
537,2021-08-20 01:04:45,2021-08-20 01:04:44,LINKUSDT.HB,BUY,0.5912000000000001,27.0879,0.0270879
538,2021-08-20 01:04:58,2021-08-20 01:04:57,LINKUSDT.HB,SELL,0.621,27.0662,0.0270662
539,2021-08-20 01:04:58,2021-08-20 01:04:57,LINKUSDT.BNC,BUY,0.621,27.065,0.027065000000000006
540,2021-08-20 01:05:54,2021-08-20 01:05:53,LINKUSDT.HB,SELL,5.582,27.1135,0.0271135
541,2021-08-20 01:05:54,2021-08-20 01:05:53,LINKUSDT.BNC,BUY,5.582,27.109,0.027109000000000005
542,2021-08-20 01:06:12,2021-08-20 01:06:11,LINKUSDT.BNC,SELL,12.282374836753215,27.109,0.027109000000000005
543,2021-08-20 01:06:12,2021-08-20 01:06:11,LINKUSDT.HB,BUY,12.282374836753215,27.1062,0.027106200000000004
544,2021-08-20 01:06:13,2021-08-20 01:06:12,LINKUSDT.BNC,SELL,0.6224000000000001,27.11,0.027110000000000002
545,2021-08-20 01:06:13,2021-08-20 01:06:12,LINKUSDT.HB,BUY,0.6224000000000001,27.1062,0.027106200000000004
546,2021-08-20 01:06:40,2021-08-20 01:06:39,LINKUSDT.BNC,SELL,8.616,27.074,0.027074
547,2021-08-20 01:06:40,2021-08-20 01:06:39,LINKUSDT.HB,BUY,8.616,27.0726,0.027072600000000002
548,2021-08-20 01:06:46,2021-08-20 01:06:45,LINKUSDT.BNC,SELL,8.0,27.073,0.027073000000000003
549,2021-08-20 01:06:46,2021-08-20 01:06:45,LINKUSDT.HB,BUY,8.0,27.0688,0.0270688
550,2021-08-20 01:06:46,2021-08-20 01:06:45,LINKUSDT.BNC,SELL,40.897600000000004,27.072,0.027072
551,2021-08-20 01:06:46,2021-08-20 01:06:45,LINKUSDT.HB,BUY,40.897600000000004,27.0689,0.027068899999999996
552,2021-08-20 01:06:49,2021-08-20 01:06:48,LINKUSDT.BNC,SELL,2.2,27.072,0.027072
553,2021-08-20 01:06:49,2021-08-20 01:06:48,LINKUSDT.HB,BUY,2.2,27.0688,0.0270688
554,2021-08-20 01:07:59,2021-08-20 01:07:58,LINKUSDT.BNC,SELL,2.872,27.032,0.027032
555,2021-08-20 01:07:59,2021-08-20 01:07:58,LINKUSDT.HB,BUY,2.872,27.0298,0.027029800000000003
556,2021-08-20 01:10:06,2021-08-20 01:10:05,LINKUSDT.BNC,SELL,85.272,27.037,0.027037000000000002
557,2021-08-20 01:10:06,2021-08-20 01:10:05,LINKUSDT.HB,BUY,85.272,27.0356,0.0270356
558,2021-08-20 01:11:01,2021-08-20 01:11:00,LINKUSDT.BNC,SELL,7.56,27.044,0.027044000000000002
559,2021-08-20 01:11:01,2021-08-20 01:11:00,LINKUSDT.HB,BUY,7.56,27.0411,0.027041100000000002
560,2021-08-20 01:11:36,2021-08-20 01:11:35,LINKUSDT.BNC,SELL,4.056,27.035,0.027035000000000003
561,2021-08-20 01:11:36,2021-08-20 01:11:35,LINKUSDT.HB,BUY,4.056,27.0342,0.0270342
562,2021-08-20 01:11:43,2021-08-20 01:11:42,LINKUSDT.BNC,SELL,76.0,27.041,0.027041000000000003
563,2021-08-20 01:11:43,2021-08-20 01:11:42,LINKUSDT.HB,BUY,76.0,27.0408,0.027040800000000004
564,2021-08-20 01:11:49,2021-08-20 01:11:48,LINKUSDT.BNC,SELL,0.00347531526200952,27.051,0.027051
565,2021-08-20 01:11:49,2021-08-20 01:11:48,LINKUSDT.HB,BUY,0.00347531526200952,27.041,0.027041000000000003
566,2021-08-20 01:11:49,2021-08-20 01:11:48,LINKUSDT.BNC,SELL,4.024,27.05,0.02705
567,2021-08-20 01:11:49,2021-08-20 01:11:48,LINKUSDT.HB,BUY,4.024,27.0475,0.027047500000000002
568,2021-08-20 01:12:23,2021-08-20 01:12:22,LINKUSDT.BNC,SELL,0.27999999999999997,27.087,0.027087000000000003
569,2021-08-20 01:12:23,2021-08-20 01:12:22,LINKUSDT.HB,BUY,0.27999999999999997,27.0855,0.027085500000000002
570,2021-08-20 01:13:48,2021-08-20 01:13:47,LINKUSDT.BNC,SELL,0.15200000000000002,27.145,0.027145
571,2021-08-20 01:13:48,2021-08-20 01:13:47,LINKUSDT.HB,BUY,0.15200000000000002,27.1387,0.0271387
572,2021-08-20 01:13:48,2021-08-20 01:13:47,LINKUSDT.BNC,SELL,0.27999999999999997,27.14,0.027139999999999997
573,2021-08-20 01:13:48,2021-08-20 01:13:47,LINKUSDT.HB,BUY,0.27999999999999997,27.1396,0.027139600000000003
574,2021-08-20 01:15:48,2021-08-20 01:15:47,LINKUSDT.BNC,SELL,0.17600000000000002,27.089,0.027089
575,2021-08-20 01:15:48,2021-08-20 01:15:47,LINKUSDT.HB,BUY,0.17600000000000002,27.0836,0.027083600000000003
576,2021-08-20 01:16:57,2021-08-20 01:16:56,LINKUSDT.BNC,SELL,0.9119999999999999,27.131,0.027131000000000002
577,2021-08-20 01:16:57,2021-08-20 01:16:56,LINKUSDT.HB,BUY,0.9119999999999999,27.1309,0.027130900000000003
578,2021-08-20 01:19:06,2021-08-20 01:19:05,LINKUSDT.HB,SELL,0.457,27.116,0.027115999999999998
579,2021-08-20 01:19:06,2021-08-20 01:19:05,LINKUSDT.BNC,BUY,0.457,27.111,0.027111000000000003
580,2021-08-20 01:19:09,2021-08-20 01:19:08,LINKUSDT.HB,SELL,4.094,27.116,0.027115999999999998
581,2021-08-20 01:19:09,2021-08-20 01:19:08,LINKUSDT.BNC,BUY,4.094,27.112,0.027112
582,2021-08-20 01:19:09,2021-08-20 01:19:08,LINKUSDT.HB,SELL,9.72,27.1159,0.027115900000000002
583,2021-08-20 01:19:09,2021-08-20 01:19:08,LINKUSDT.BNC,BUY,9.72,27.115,0.027115
584,2021-08-20 01:22:33,2021-08-20 01:22:32,LINKUSDT.HB,SELL,20.0,27.2129,0.0272129
585,2021-08-20 01:22:33,2021-08-20 01:22:32,LINKUSDT.BNC,BUY,20.0,27.209,0.027208999999999997
586,2021-08-20 01:23:45,2021-08-20 01:23:44,LINKUSDT.HB,SELL,5.0,27.2487,0.027248699999999997
587,2021-08-20 01:23:45,2021-08-20 01:23:44,LINKUSDT.BNC,BUY,5.0,27.247,0.027247000000000004
588,2021-08-20 01:25:25,2021-08-20 01:25:24,LINKUSDT.BNC,SELL,0.4944,27.203,0.027202999999999998
589,2021-08-20 01:25:25,2021-08-20 01:25:24,LINKUSDT.HB,BUY,0.4944,27.2008,0.027200800000000004
590,2021-08-20 01:25:26,2021-08-20 01:25:25,LINKUSDT.BNC,SELL,0.4944,27.203,0.027202999999999998
591,2021-08-20 01:25:26,2021-08-20 01:25:25,LINKUSDT.HB,BUY,0.4944,27.2008,0.027200800000000004
592,2021-08-20 01:25:32,2021-08-20 01:25:31,LINKUSDT.BNC,SELL,0.0144,27.216,0.027216000000000004
593,2021-08-20 01:25:32,2021-08-20 01:25:31,LINKUSDT.HB,BUY,0.0144,27.2157,0.0272157
594,2021-08-20 01:28:38,2021-08-20 01:28:37,LINKUSDT.HB,SELL,12.46,27.1847,0.0271847
595,2021-08-20 01:28:38,2021-08-20 01:28:37,LINKUSDT.BNC,BUY,12.46,27.184,0.027184000000000003
596,2021-08-20 01:28:39,2021-08-20 01:28:38,LINKUSDT.HB,SELL,12.61,27.2004,0.027200399999999996
597,2021-08-20 01:28:39,2021-08-20 01:28:38,LINKUSDT.BNC,BUY,12.61,27.198,0.027198000000000003
598,2021-08-20 01:28:39,2021-08-20 01:28:38,LINKUSDT.HB,SELL,5.817,27.2003,0.0272003
599,2021-08-20 01:28:39,2021-08-20 01:28:38,LINKUSDT.BNC,BUY,5.817,27.199,0.027199
600,2021-08-20 01:28:40,2021-08-20 01:28:39,LINKUSDT.HB,SELL,5.0,27.197,0.027197
601,2021-08-20 01:28:40,2021-08-20 01:28:39,LINKUSDT.BNC,BUY,5.0,27.196,0.027196000000000005
602,2021-08-20 01:29:16,2021-08-20 01:29:15,LINKUSDT.HB,SELL,9.39,27.171,0.027171
603,2021-08-20 01:29:16,2021-08-20 01:29:15,LINKUSDT.BNC,BUY,9.39,27.168,0.027168
604,2021-08-20 01:29:17,2021-08-20 01:29:16,LINKUSDT.HB,SELL,0.21,27.171,0.027171
605,2021-08-20 01:29:17,2021-08-20 01:29:16,LINKUSDT.BNC,BUY,0.21,27.169,0.027169000000000002
606,2021-08-20 01:29:18,2021-08-20 01:29:17,LINKUSDT.HB,SELL,36.0,27.1644,0.027164400000000002
607,2021-08-20 01:29:18,2021-08-20 01:29:17,LINKUSDT.BNC,BUY,36.0,27.164,0.027164
608,2021-08-20 01:31:01,2021-08-20 01:31:00,LINKUSDT.HB,SELL,3.08,27.1932,0.027193200000000004
609,2021-08-20 01:31:01,2021-08-20 01:31:00,LINKUSDT.BNC,BUY,3.08,27.192,0.027192000000000004
610,2021-08-20 01:35:38,2021-08-20 01:35:37,LINKUSDT.HB,SELL,1.297,27.1938,0.0271938
611,2021-08-20 01:35:38,2021-08-20 01:35:37,LINKUSDT.BNC,BUY,1.297,27.188,0.027188
612,2021-08-20 01:36:14,2021-08-20 01:36:13,LINKUSDT.HB,SELL,95.0,27.1502,0.027150200000000003
613,2021-08-20 01:36:14,2021-08-20 01:36:13,LINKUSDT.BNC,BUY,95.0,27.145,0.027145
614,2021-08-20 01:36:15,2021-08-20 01:36:14,LINKUSDT.HB,SELL,45.0,27.1502,0.027150200000000003
615,2021-08-20 01:36:15,2021-08-20 01:36:14,LINKUSDT.BNC,BUY,45.0,27.145,0.027145
616,2021-08-20 01:36:26,2021-08-20 01:36:25,LINKUSDT.HB,SELL,124.307,27.1435,0.0271435
617,2021-08-20 01:36:26,2021-08-20 01:36:25,LINKUSDT.BNC,BUY,124.307,27.143,0.027143
618,2021-08-20 01:36:46,2021-08-20 01:36:45,LINKUSDT.HB,SELL,3.08,27.1154,0.0271154
619,2021-08-20 01:36:46,2021-08-20 01:36:45,LINKUSDT.BNC,BUY,3.08,27.113,0.027113
620,2021-08-20 01:36:46,2021-08-20 01:36:45,LINKUSDT.HB,SELL,0.04,27.1153,0.027115300000000002
621,2021-08-20 01:36:46,2021-08-20 01:36:45,LINKUSDT.BNC,BUY,0.04,27.114,0.027114
622,2021-08-20 01:40:16,2021-08-20 01:40:15,LINKUSDT.HB,SELL,0.485,27.118,0.027118000000000003
623,2021-08-20 01:40:16,2021-08-20 01:40:15,LINKUSDT.BNC,BUY,0.485,27.11,0.027110000000000002
624,2021-08-20 01:41:40,2021-08-20 01:41:39,LINKUSDT.HB,SELL,17.43,27.1166,0.0271166
625,2021-08-20 01:41:40,2021-08-20 01:41:39,LINKUSDT.BNC,BUY,17.43,27.112,0.027112
626,2021-08-20 01:41:40,2021-08-20 01:41:39,LINKUSDT.HB,SELL,2.93,27.1165,0.027116499999999998
627,2021-08-20 01:41:40,2021-08-20 01:41:39,LINKUSDT.BNC,BUY,2.93,27.114,0.027114
628,2021-08-20 01:42:11,2021-08-20 01:42:10,LINKUSDT.HB,SELL,26.1,27.1101,0.0271101
629,2021-08-20 01:42:11,2021-08-20 01:42:10,LINKUSDT.BNC,BUY,26.1,27.108,0.027108
630,2021-08-20 01:42:11,2021-08-20 01:42:10,LINKUSDT.HB,SELL,0.397,27.11,0.027110000000000002
631,2021-08-20 01:42:11,2021-08-20 01:42:10,LINKUSDT.BNC,BUY,0.397,27.109,0.027109000000000005
632,2021-08-20 01:45:38,2021-08-20 01:45:37,LINKUSDT.HB,SELL,15.43,27.1249,0.027124900000000004
633,2021-08-20 01:45:38,2021-08-20 01:45:37,LINKUSDT.BNC,BUY,15.43,27.124,0.027124000000000002
634,2021-08-20 01:47:01,2021-08-20 01:47:00,LINKUSDT.HB,SELL,20.0,27.09,0.02709
635,2021-08-20 01:47:01,2021-08-20 01:47:00,LINKUSDT.BNC,BUY,20.0,27.086,0.027086000000000002
636,2021-08-20 01:47:01,2021-08-20 01:47:00,LINKUSDT.HB,SELL,0.557,27.0899,0.0270899
637,2021-08-20 01:47:01,2021-08-20 01:47:00,LINKUSDT.BNC,BUY,0.557,27.088,0.027088
638,2021-08-20 01:50:37,2021-08-20 01:50:36,LINKUSDT.HB,SELL,0.6,27.1848,0.027184800000000002
639,2021-08-20 01:50:37,2021-08-20 01:50:36,LINKUSDT.BNC,BUY,0.6,27.183,0.027183
640,2021-08-20 01:50:38,2021-08-20 01:50:37,LINKUSDT.HB,SELL,26.38,27.1848,0.027184800000000002
641,2021-08-20 01:50:38,2021-08-20 01:50:37,LINKUSDT.BNC,BUY,26.38,27.184,0.027184000000000003
642,2021-08-20 01:50:39,2021-08-20 01:50:38,LINKUSDT.HB,SELL,26.38,27.185,0.027184999999999997
643,2021-08-20 01:50:39,2021-08-20 01:50:38,LINKUSDT.BNC,BUY,26.38,27.18,0.027180000000000003
644,2021-08-20 01:50:39,2021-08-20 01:50:38,LINKUSDT.HB,SELL,26.38,27.1849,0.0271849
645,2021-08-20 01:50:39,2021-08-20 01:50:38,LINKUSDT.BNC,BUY,26.38,27.184,0.027184000000000003
646,2021-08-20 01:50:42,2021-08-20 01:50:41,LINKUSDT.HB,SELL,25.618,27.1873,0.0271873
647,2021-08-20 01:50:42,2021-08-20 01:50:41,LINKUSDT.BNC,BUY,25.618,27.184,0.027184000000000003
648,2021-08-20 01:50:42,2021-08-20 01:50:41,LINKUSDT.HB,SELL,26.38,27.1872,0.0271872
649,2021-08-20 01:50:42,2021-08-20 01:50:41,LINKUSDT.BNC,BUY,26.38,27.185,0.027184999999999997
650,2021-08-20 01:51:15,2021-08-20 01:51:14,LINKUSDT.BNC,SELL,0.584,27.266,0.027266
651,2021-08-20 01:51:15,2021-08-20 01:51:14,LINKUSDT.HB,BUY,0.584,27.2658,0.027265800000000003
